case_id,source_id,kind,method,true_geometry_center,true_appearance_center,true_depth,true_multiplier,predicted_geometry_center,predicted_depth,predicted_multiplier,depth_absolute_error,whole_blade_rms_error,support_rms_error,local_rms_error,support_iou,display_threshold,eligible_area_recall,eligible_false_area_fraction
c000,9,healthy,joint,,,0.0,1.0,0,0.0,1.0,0.0,0.0,,,,1e-05,,0.0
c000,9,healthy,geometry_only,,,0.0,1.0,0,0.0,1.0,0.0,0.0,,,,1e-05,,0.0
c000,9,healthy,appearance_only,,,0.0,1.0,,0.0,1.0,0.0,0.0,,,,1e-05,,0.0
c000,9,healthy,zero,,,0.0,1.0,,0.0,1.0,0.0,0.0,,,,1e-05,,0.0
c001,9,dent,joint,0,,0.0005,1.0,0,0.00042627809014292555,0.9987462409522588,7.372190985707446e-05,8.708626366915439e-07,2.0260355280714254e-05,1.783330274601705e-05,0.9818181818181818,1e-05,0.981708233087784,0.0
c001,9,dent,geometry_only,0,,0.0005,1.0,0,0.00042648503088864797,1.0,7.351496911135204e-05,8.684180875996786e-07,2.020348358665897e-05,1.7783243893794943e-05,0.9818181818181818,1e-05,0.981708233087784,0.0
c001,9,dent,appearance_only,0,,0.0005,1.0,,0.0,0.9985118387973123,0.0005,5.9063993404629395e-06,0.00013741059113823577,0.00012094973781485673,0.0,1e-05,0.0,0.0
c001,9,dent,zero,0,,0.0005,1.0,,0.0,1.0,0.0005,5.9063993404629395e-06,0.00013741059113823577,0.00012094973781485673,0.0,1e-05,0.0,0.0
c002,9,dent,joint,0,,0.001,1.0,0,0.0009646559794866336,0.9994944323407111,3.5344020513366375e-05,4.175105892816896e-07,9.541984272328816e-06,8.374578036122224e-06,1.0,1e-05,1.0,0.0
c002,9,dent,geometry_only,0,,0.001,1.0,0,0.000964739426580088,1.0,3.526057341991199e-05,4.1652484568742385e-07,9.519455623474255e-06,8.35480563545572e-06,1.0,1e-05,1.0,0.0
c002,9,dent,appearance_only,0,,0.001,1.0,,0.0,0.9989639864988947,0.001,1.1812796209936629e-05,0.00026997521338221954,0.00023694532839304379,0.0,1e-05,0.0,0.0
c002,9,dent,zero,0,,0.001,1.0,,0.0,1.0,0.001,1.1812796209936629e-05,0.00026997521338221954,0.00023694532839304379,0.0,1e-05,0.0,0.0
c003,9,dent,joint,0,,0.002,1.0,0,0.0018754949255500703,0.9999992978975922,0.00012450507444992974,1.4707532797722209e-06,3.361328866988089e-05,2.950089992813349e-05,1.0,1e-05,1.0,0.0
c003,9,dent,geometry_only,0,,0.002,1.0,0,0.0018754950102961552,1.0,0.0001245049897038448,1.470752278683893e-06,3.3613265790536354e-05,2.9500879847942623e-05,1.0,1e-05,1.0,0.0
c003,9,dent,appearance_only,0,,0.002,1.0,,0.0,0.9992110035875509,0.002,2.362559481876427e-05,0.0005399504805353119,0.000473890704903909,0.0,1e-05,0.0,0.0
c003,9,dent,zero,0,,0.002,1.0,,0.0,1.0,0.002,2.362559481876427e-05,0.0005399504805353119,0.000473890704903909,0.0,1e-05,0.0,0.0
c004,9,dent,joint,1,,0.0005,1.0,1,0.0003796992104527399,0.9998522551758012,0.00012030078954726009,1.373045996282114e-06,3.223582663000494e-05,2.9385948050123328e-05,0.9814814814814815,1e-05,0.9815830211944724,0.0
c004,9,dent,geometry_only,1,,0.0005,1.0,1,0.00037971363978899923,1.0,0.00012028636021100078,1.3728813054809873e-06,3.223196008413329e-05,2.9382423335482054e-05,0.9814814814814815,1e-05,0.9815830211944724,0.0
c004,9,dent,appearance_only,1,,0.0005,1.0,,0.0,0.9997656937680874,0.0005,5.70678434417736e-06,0.00013398163132565628,0.00012213667184154302,0.0,1e-05,0.0,0.0
c004,9,dent,zero,1,,0.0005,1.0,,0.0,1.0,0.0005,5.70678434417736e-06,0.00013398163132565628,0.00012213667184154302,0.0,1e-05,0.0,0.0
c005,9,dent,joint,1,,0.001,1.0,1,0.0009500389220420171,0.9998290703604527,4.99610779579829e-05,5.702593304622957e-07,1.291974318407102e-05,1.2204697515916295e-05,0.9827586206896551,1e-05,0.9825348523733126,0.0
c005,9,dent,geometry_only,1,,0.001,1.0,1,0.0009501431801055061,1.0,4.985681989449391e-05,5.690693697983912e-07,1.289278354816438e-05,1.2179229962501573e-05,0.9827586206896551,1e-05,0.9825348523733126,0.0
c005,9,dent,appearance_only,1,,0.001,1.0,,0.0,0.9984355121772999,0.001,1.14136321629964e-05,0.0002585861674422655,0.0002442747021681826,0.0,1e-05,0.0,0.0
c005,9,dent,zero,1,,0.001,1.0,,0.0,1.0,0.001,1.14136321629964e-05,0.0002585861674422655,0.0002442747021681826,0.0,1e-05,0.0,0.0
c006,9,dent,joint,1,,0.002,1.0,1,0.0018472946495855414,1.0,0.00015270535041445868,1.7429111185537702e-06,3.850532213822101e-05,3.730180614814601e-05,1.0,1e-05,1.0,0.0
c006,9,dent,geometry_only,1,,0.002,1.0,1,0.0018472946495855414,1.0,0.00015270535041445868,1.7429111185537702e-06,3.850532213822101e-05,3.730180614814601e-05,1.0,1e-05,1.0,0.0
c006,9,dent,appearance_only,1,,0.002,1.0,,0.0,0.9995041656608623,0.002,2.2827210124391906e-05,0.0005043109072172526,0.0004885482443130066,0.0,1e-05,0.0,0.0
c006,9,dent,zero,1,,0.002,1.0,,0.0,1.0,0.002,2.2827210124391906e-05,0.0005043109072172526,0.0004885482443130066,0.0,1e-05,0.0,0.0
c007,9,dent,joint,2,,0.0005,1.0,2,0.0004789229046488897,0.9979586756605714,2.1077095351110296e-05,2.6351650022969705e-07,5.6394054485961825e-06,4.961117003954555e-06,1.0,1e-05,1.0,0.0
c007,9,dent,geometry_only,2,,0.0005,1.0,2,0.0004791292434160356,1.0,2.0870756583964405e-05,2.6093661529778344e-07,5.584194451959928e-06,4.9125465691080355e-06,1.0,1e-05,1.0,0.0
c007,9,dent,appearance_only,2,,0.0005,1.0,,0.0,0.9976078581924569,0.0005,6.251565890418255e-06,0.00013378703106203073,0.0001176956654133954,0.0,1e-05,0.0,0.0
c007,9,dent,zero,2,,0.0005,1.0,,0.0,1.0,0.0005,6.251565890418255e-06,0.00013378703106203073,0.0001176956654133954,0.0,1e-05,0.0,0.0
c008,9,dent,joint,2,,0.001,1.0,2,0.0009850282067152085,0.998268508904075,1.4971793284791497e-05,1.8720990295949815e-07,3.976053008961901e-06,3.5245240116174775e-06,1.0,1e-05,1.0,0.0
c008,9,dent,geometry_only,2,,0.001,1.0,2,0.0009852032272796316,1.0,1.4796772720368457e-05,1.850215957380374e-07,3.9295766641683695e-06,3.4833256496082026e-06,1.0,1e-05,1.0,0.0
c008,9,dent,appearance_only,2,,0.001,1.0,,0.0,0.9975469624961942,0.001,1.2503174615777093e-05,0.00026554849024794077,0.0002353921372626379,0.0,1e-05,0.0,0.0
c008,9,dent,zero,2,,0.001,1.0,,0.0,1.0,0.001,1.2503174615777093e-05,0.00026554849024794077,0.0002353921372626379,0.0,1e-05,0.0,0.0
c009,9,dent,joint,2,,0.002,1.0,2,0.0019675749733597528,1.0,3.242502664024729e-05,4.0543274198423237e-07,8.244448386269723e-06,7.632915843257698e-06,1.0,1e-05,1.0,0.0
c009,9,dent,geometry_only,2,,0.002,1.0,2,0.0019675749733597528,1.0,3.242502664024729e-05,4.0543274198423237e-07,8.244448386269723e-06,7.632915843257698e-06,1.0,1e-05,1.0,0.0
c009,9,dent,appearance_only,2,,0.002,1.0,,0.0,0.9996947686384274,0.002,2.5006336702689273e-05,0.0005085022307674136,0.0004707840386494779,0.0,1e-05,0.0,0.0
c009,9,dent,zero,2,,0.002,1.0,,0.0,1.0,0.002,2.5006336702689273e-05,0.0005085022307674136,0.0004707840386494779,0.0,1e-05,0.0,0.0
c010,10,healthy,joint,,,0.0,1.0,0,2.5142173002095166e-06,1.0,2.5142173002095166e-06,2.9368826402338556e-08,,,,1e-05,,0.0
c010,10,healthy,geometry_only,,,0.0,1.0,0,2.5142173002095166e-06,1.0,2.5142173002095166e-06,2.9368826402338556e-08,,,,1e-05,,0.0
c010,10,healthy,appearance_only,,,0.0,1.0,,0.0,1.0,0.0,0.0,,,,1e-05,,0.0
c010,10,healthy,zero,,,0.0,1.0,,0.0,1.0,0.0,0.0,,,,1e-05,,0.0
c011,10,dent,joint,0,,0.0005,1.0,0,0.000418355138460933,0.999867997016312,8.1644861539067e-05,9.53703983360719e-07,2.218834804909337e-05,1.9810724110138927e-05,0.9636363636363636,1e-05,0.9636438535469811,0.0
c011,10,dent,geometry_only,0,,0.0005,1.0,0,0.00041836575875486164,1.0,8.163424124513837e-05,9.53579926634273e-07,2.2185461814167828e-05,1.9808147153741023e-05,0.9636363636363636,1e-05,0.9636438535469811,0.0
c011,10,dent,appearance_only,0,,0.0005,1.0,,0.0,0.9997674687495985,0.0005,5.840552637695761e-06,0.00013588305578809452,0.00012132231696087156,0.0,1e-05,0.0,0.0
c011,10,dent,zero,0,,0.0005,1.0,,0.0,1.0,0.0005,5.840552637695761e-06,0.00013588305578809452,0.00012132231696087156,0.0,1e-05,0.0,0.0
c012,10,dent,joint,0,,0.001,1.0,0,0.0009471431400566948,0.9997924234343365,5.2856859943305255e-05,6.174261650433933e-07,1.4236221201176122e-05,1.282542552769164e-05,1.0,1e-05,1.0,0.0
c012,10,dent,geometry_only,0,,0.001,1.0,0,0.0009471415743789166,1.0,5.2858425621083436e-05,6.174444538836155e-07,1.4236642893653637e-05,1.2825805430863126e-05,1.0,1e-05,1.0,0.0
c012,10,dent,appearance_only,0,,0.001,1.0,,0.0,0.9995169516566246,0.001,1.1681100909491702e-05,0.00026933541574595865,0.00024264454323150975,0.0,1e-05,0.0,0.0
c012,10,dent,zero,0,,0.001,1.0,,0.0,1.0,0.001,1.1681100909491702e-05,0.00026933541574595865,0.00024264454323150975,0.0,1e-05,0.0,0.0
c013,10,dent,joint,0,,0.002,1.0,0,0.001872876384316056,1.0,0.00012712361568394397,1.4849401496857547e-06,3.3643707502258225e-05,3.0845776193393786e-05,0.9827586206896551,1e-05,0.982551237651122,0.0
c013,10,dent,geometry_only,0,,0.002,1.0,0,0.001872876384316056,1.0,0.00012712361568394397,1.4849401496857547e-06,3.3643707502258225e-05,3.0845776193393786e-05,0.9827586206896551,1e-05,0.982551237651122,0.0
c013,10,dent,appearance_only,0,,0.002,1.0,,0.0,0.9993486555582677,0.002,2.3362198490151525e-05,0.0005293081819657909,0.00048528901731517997,0.0,1e-05,0.0,0.0
c013,10,dent,zero,0,,0.002,1.0,,0.0,1.0,0.002,2.3362198490151525e-05,0.0005293081819657909,0.00048528901731517997,0.0,1e-05,0.0,0.0
c014,10,dent,joint,1,,0.0005,1.0,1,0.0003670373692381578,0.9998922918911627,0.0001329626307618422,1.4984686631083745e-06,3.655434302658278e-05,3.182636184275719e-05,0.96,1e-05,0.9602258699759433,0.0
c014,10,dent,geometry_only,1,,0.0005,1.0,1,0.0003670448488540308,1.0,0.0001329551511459692,1.4983843681631116e-06,3.6552286696879594e-05,3.1824571480705916e-05,0.96,1e-05,0.9602258699759433,0.0
c014,10,dent,appearance_only,1,,0.0005,1.0,,0.0,0.9998908002415242,0.0005,5.63496387982478e-06,0.00013746191153399368,0.00011968244903977719,0.0,1e-05,0.0,0.0
c014,10,dent,zero,1,,0.0005,1.0,,0.0,1.0,0.0005,5.63496387982478e-06,0.00013746191153399368,0.00011968244903977719,0.0,1e-05,0.0,0.0
c015,10,dent,joint,1,,0.001,1.0,1,0.0009342833068485607,0.9999371368882084,6.57166931514393e-05,7.406487270544663e-07,1.6637516306754877e-05,1.5730829056320235e-05,1.0,1e-05,1.0,0.0
c015,10,dent,geometry_only,1,,0.001,1.0,1,0.0009342876722759539,1.0,6.571232772404614e-05,7.405995288802807e-07,1.663641114656239e-05,1.5729784123628486e-05,1.0,1e-05,1.0,0.0
c015,10,dent,appearance_only,1,,0.001,1.0,,0.0,0.999857397962461,0.001,1.1269981030033676e-05,0.00025316253046440653,0.00023936602950296154,0.0,1e-05,0.0,0.0
c015,10,dent,zero,1,,0.001,1.0,,0.0,1.0,0.001,1.1269981030033676e-05,0.00025316253046440653,0.00023936602950296154,0.0,1e-05,0.0,0.0
c016,10,dent,joint,1,,0.002,1.0,1,0.001812746516409059,1.0,0.00018725348359094102,2.110312543925268e-06,4.662214437776835e-05,4.4821471598178135e-05,1.0,1e-05,1.0,0.0
c016,10,dent,geometry_only,1,,0.002,1.0,1,0.001812746516409059,1.0,0.00018725348359094102,2.110312543925268e-06,4.662214437776835e-05,4.4821471598178135e-05,1.0,1e-05,1.0,0.0
c016,10,dent,appearance_only,1,,0.002,1.0,,0.0,0.9997237585869095,0.002,2.2539887149974964e-05,0.000497963148693949,0.00047873046797117897,0.0,1e-05,0.0,0.0
c016,10,dent,zero,1,,0.002,1.0,,0.0,1.0,0.002,2.2539887149974964e-05,0.000497963148693949,0.00047873046797117897,0.0,1e-05,0.0,0.0
c017,10,dent,joint,2,,0.0005,1.0,2,0.0004618929964212462,0.9980074774085332,3.8107003578753836e-05,4.712029179563582e-07,1.00842462010872e-05,8.71685142302984e-06,1.0,1e-05,1.0,0.0
c017,10,dent,geometry_only,2,,0.0005,1.0,2,0.00046144899442694513,1.0,3.855100557305488e-05,4.766930151103492e-07,1.020174013574197e-05,8.818413530066221e-06,1.0,1e-05,1.0,0.0
c017,10,dent,appearance_only,2,,0.0005,1.0,,0.0,0.9988411978571154,0.0005,6.182523880710609e-06,0.00013231259987105158,0.00011437140992509646,0.0,1e-05,0.0,0.0
c017,10,dent,zero,2,,0.0005,1.0,,0.0,1.0,0.0005,6.182523880710609e-06,0.00013231259987105158,0.00011437140992509646,0.0,1e-05,0.0,0.0
c018,10,dent,joint,2,,0.001,1.0,2,0.0009758350656650949,0.9989734602612327,2.4164934334905148e-05,2.9881602132030386e-07,6.34647697944642e-06,5.527841109233647e-06,1.0,1e-05,1.0,0.0
c018,10,dent,geometry_only,2,,0.001,1.0,2,0.0009756063175980996,1.0,2.4393682401900444e-05,3.0164449666961104e-07,6.406550261880871e-06,5.5801654867662505e-06,1.0,1e-05,1.0,0.0
c018,10,dent,appearance_only,2,,0.001,1.0,,0.0,0.9996750816859244,0.001,1.2365046347842134e-05,0.00026261809723730794,0.00022874279370018754,0.0,1e-05,0.0,0.0
c018,10,dent,zero,2,,0.001,1.0,,0.0,1.0,0.001,1.2365046347842134e-05,0.00026261809723730794,0.00022874279370018754,0.0,1e-05,0.0,0.0
c019,10,dent,joint,2,,0.002,1.0,2,0.0019885895543758757,1.0,1.1410445624124299e-05,1.4105977866539082e-07,2.90913139232269e-06,2.609485394794539e-06,1.0,1e-05,1.0,0.0
c019,10,dent,geometry_only,2,,0.002,1.0,2,0.0019885895543758757,1.0,1.1410445624124299e-05,1.4105977866539082e-07,2.90913139232269e-06,2.609485394794539e-06,1.0,1e-05,1.0,0.0
c019,10,dent,appearance_only,2,,0.002,1.0,,0.0,0.9997018539814663,0.002,2.4730030213046415e-05,0.0005100176953667014,0.0004574844315249551,0.0,1e-05,0.0,0.0
c019,10,dent,zero,2,,0.002,1.0,,0.0,1.0,0.002,2.4730030213046415e-05,0.0005100176953667014,0.0004574844315249551,0.0,1e-05,0.0,0.0
c020,9,appearance,joint,,0,0.0,0.8,0,4.5067772913953044e-07,0.8000433095049141,4.5067772913953044e-07,5.323764697391025e-09,,,,1e-05,,0.0
c020,9,appearance,geometry_only,,0,0.0,0.8,0,3.345477585932825e-05,1.0,3.345477585932825e-05,3.951944885740727e-07,,,,1e-05,,0.0013416959206922138
c020,9,appearance,appearance_only,,0,0.0,0.8,,0.0,0.8000430616858651,0.0,0.0,,,,1e-05,,0.0
c020,9,appearance,zero,,0,0.0,0.8,,0.0,1.0,0.0,0.0,,,,1e-05,,0.0
c021,9,appearance,joint,,0,0.0,0.6,0,0.0,0.6,0.0,0.0,,,,1e-05,,0.0
c021,9,appearance,geometry_only,,0,0.0,0.6,1,1.9894498869631056e-05,1.0,1.9894498869631056e-05,2.2706803334498373e-07,,,,1e-05,,0.0004911516062781103
c021,9,appearance,appearance_only,,0,0.0,0.6,,0.0,0.6,0.0,0.0,,,,1e-05,,0.0
c021,9,appearance,zero,,0,0.0,0.6,,0.0,1.0,0.0,0.0,,,,1e-05,,0.0
c022,9,appearance,joint,,1,0.0,0.8,0,0.0,0.8000417544706626,0.0,0.0,,,,1e-05,,0.0
c022,9,appearance,geometry_only,,1,0.0,0.8,1,0.00012171816126601544,1.0,0.00012171816126601544,1.3892435131015819e-06,,,,1e-05,,0.006221540014238529
c022,9,appearance,appearance_only,,1,0.0,0.8,,0.0,0.8000417544706626,0.0,0.0,,,,1e-05,,0.0
c022,9,appearance,zero,,1,0.0,0.8,,0.0,1.0,0.0,0.0,,,,1e-05,,0.0
c023,9,appearance,joint,,1,0.0,0.6,0,0.0,0.6,0.0,0.0,,,,1e-05,,0.0
c023,9,appearance,geometry_only,,1,0.0,0.6,1,0.0001691936699321805,1.0,0.0001691936699321805,1.931110410856657e-06,,,,1e-05,,0.0067092351733948905
c023,9,appearance,appearance_only,,1,0.0,0.6,,0.0,0.6,0.0,0.0,,,,1e-05,,0.0
c023,9,appearance,zero,,1,0.0,0.6,,0.0,1.0,0.0,0.0,,,,1e-05,,0.0
c024,9,appearance,joint,,2,0.0,0.8,0,5.734767433981898e-07,0.8000267174292297,5.734767433981898e-07,6.774364571125333e-09,,,,1e-05,,0.0
c024,9,appearance,geometry_only,,2,0.0,0.8,2,2.0459735119501172e-05,1.0,2.0459735119501172e-05,2.558113350349247e-07,,,,1e-05,,0.0006477571161466654
c024,9,appearance,appearance_only,,2,0.0,0.8,,0.0,0.8000264763896792,0.0,0.0,,,,1e-05,,0.0
c024,9,appearance,zero,,2,0.0,0.8,,0.0,1.0,0.0,0.0,,,,1e-05,,0.0
c025,9,appearance,joint,,2,0.0,0.6,0,0.0,0.6,0.0,0.0,,,,1e-05,,0.0
c025,9,appearance,geometry_only,,2,0.0,0.6,0,3.370822113099951e-05,1.0,3.370822113099951e-05,3.9818838621489984e-07,,,,1e-05,,0.0013416959206922138
c025,9,appearance,appearance_only,,2,0.0,0.6,,0.0,0.6,0.0,0.0,,,,1e-05,,0.0
c025,9,appearance,zero,,2,0.0,0.6,,0.0,1.0,0.0,0.0,,,,1e-05,,0.0
c026,10,appearance,joint,,0,0.0,0.8,0,0.0,0.8000206876829182,0.0,0.0,,,,1e-05,,0.0
c026,10,appearance,geometry_only,,0,0.0,0.8,1,1.3705931622629796e-05,1.0,1.3705931622629796e-05,1.5446525495706562e-07,,,,1e-05,,0.0004968880796167792
c026,10,appearance,appearance_only,,0,0.0,0.8,,0.0,0.8000206876829182,0.0,0.0,,,,1e-05,,0.0
c026,10,appearance,zero,,0,0.0,0.8,,0.0,1.0,0.0,0.0,,,,1e-05,,0.0
c027,10,appearance,joint,,0,0.0,0.6,0,0.0,0.6,0.0,0.0,,,,1e-05,,0.0
c027,10,appearance,geometry_only,,0,0.0,0.6,2,7.031301627860359e-06,1.0,7.031301627860359e-06,8.694226004478552e-08,,,,1e-05,,0.0
c027,10,appearance,appearance_only,,0,0.0,0.6,,0.0,0.6,0.0,0.0,,,,1e-05,,0.0
c027,10,appearance,zero,,0,0.0,0.6,,0.0,1.0,0.0,0.0,,,,1e-05,,0.0
c028,10,appearance,joint,,1,0.0,0.8,0,0.0,0.8000392449275945,0.0,0.0,,,,1e-05,,0.0
c028,10,appearance,geometry_only,,1,0.0,0.8,0,1.5875486381322966e-05,1.0,1.5875486381322966e-05,1.8544316099762365e-07,,,,1e-05,,0.00045048876595818184
c028,10,appearance,appearance_only,,1,0.0,0.8,,0.0,0.8000392449275945,0.0,0.0,,,,1e-05,,0.0
c028,10,appearance,zero,,1,0.0,0.8,,0.0,1.0,0.0,0.0,,,,1e-05,,0.0
c029,10,appearance,joint,,1,0.0,0.6,0,0.0,0.6,0.0,0.0,,,,1e-05,,0.0
c029,10,appearance,geometry_only,,1,0.0,0.6,0,2.1837773121819834e-05,1.0,2.1837773121819834e-05,2.550892350374553e-07,,,,1e-05,,0.00045048876595818184
c029,10,appearance,appearance_only,,1,0.0,0.6,,0.0,0.6,0.0,0.0,,,,1e-05,,0.0
c029,10,appearance,zero,,1,0.0,0.6,,0.0,1.0,0.0,0.0,,,,1e-05,,0.0
c030,10,appearance,joint,,2,0.0,0.8,0,0.0,0.8000475340125177,0.0,0.0,,,,1e-05,,0.0
c030,10,appearance,geometry_only,,2,0.0,0.8,0,2.7512720742292685e-05,1.0,2.7512720742292685e-05,3.213788717741616e-07,,,,1e-05,,0.001051103686974075
c030,10,appearance,appearance_only,,2,0.0,0.8,,0.0,0.8000475340125177,0.0,0.0,,,,1e-05,,0.0
c030,10,appearance,zero,,2,0.0,0.8,,0.0,1.0,0.0,0.0,,,,1e-05,,0.0
c031,10,appearance,joint,,2,0.0,0.6,0,0.0,0.6,0.0,0.0,,,,1e-05,,0.0
c031,10,appearance,geometry_only,,2,0.0,0.6,0,3.6132894343011004e-05,1.0,3.6132894343011004e-05,4.2207199086789345e-07,,,,1e-05,,0.0013513947627451157
c031,10,appearance,appearance_only,,2,0.0,0.6,,0.0,0.6,0.0,0.0,,,,1e-05,,0.0
c031,10,appearance,zero,,2,0.0,0.6,,0.0,1.0,0.0,0.0,,,,1e-05,,0.0
c032,9,mixed,joint,0,0,0.00075,0.7,0,0.0006201756333437612,0.6836552526865762,0.00012982436665623885,1.5335892481012558e-06,3.504937167450176e-05,3.118560010192784e-05,0.9824561403508771,1e-05,0.9821292008829834,0.0
c032,9,mixed,geometry_only,0,0,0.00075,0.7,0,0.0006723903057183199,1.0,7.760969428168008e-05,9.167879040667101e-07,2.0952703005117768e-05,1.864291953620559e-05,1.0,1e-05,1.0,0.0
c032,9,mixed,appearance_only,0,0,0.00075,0.7,,0.0,0.683314229987398,0.00075,8.859598342832508e-06,0.00020248143685890402,0.00018016029476455322,0.0,1e-05,0.0,0.0
c032,9,mixed,zero,0,0,0.00075,0.7,,0.0,1.0,0.00075,8.859598342832508e-06,0.00020248143685890402,0.00018016029476455322,0.0,1e-05,0.0,0.0
c033,9,mixed,joint,0,0,0.0015,0.7,0,0.0013525022104200757,0.6870887278138678,0.00014749778957992435,1.742357441970452e-06,3.9820658238845044e-05,3.494883420730469e-05,1.0,1e-05,1.0,0.0
c033,9,mixed,geometry_only,0,0,0.0015,0.7,0,0.0014041501663234418,1.0,9.584983367655819e-05,1.132250604441432e-06,2.5876988977683223e-05,2.271109113580794e-05,1.0,1e-05,1.0,0.0
c033,9,mixed,appearance_only,0,0,0.0015,0.7,,0.0,0.6863450127601896,0.0015,1.7719192006858134e-05,0.00040496276653623637,0.00035541794629393006,0.0,1e-05,0.0,0.0
c033,9,mixed,zero,0,0,0.0015,0.7,,0.0,1.0,0.0015,1.7719192006858134e-05,0.00040496276653623637,0.00035541794629393006,0.0,1e-05,0.0,0.0
c034,9,mixed,joint,0,1,0.00075,0.7,0,0.0006726250944586337,0.6863014731374235,7.737490554136635e-05,9.140143922575248e-07,2.0889315858812944e-05,1.8586520060094166e-05,1.0,1e-05,1.0,0.0
c034,9,mixed,geometry_only,0,1,0.00075,0.7,0,0.0006868366862030811,1.0,6.316331379691887e-05,7.461357390676351e-07,1.7052537981178322e-05,1.517270077909416e-05,1.0,1e-05,1.0,0.0
c034,9,mixed,appearance_only,0,1,0.00075,0.7,,0.0,0.6861968853774556,0.00075,8.859598342832508e-06,0.00020248143685890402,0.00018016029476455322,0.0,1e-05,0.0,0.0
c034,9,mixed,zero,0,1,0.00075,0.7,,0.0,1.0,0.00075,8.859598342832508e-06,0.00020248143685890402,0.00018016029476455322,0.0,1e-05,0.0,0.0
c035,9,mixed,joint,0,1,0.0015,0.7,0,0.0014013487451540669,0.686414783768993,9.865125484593315e-05,1.165343225040585e-06,2.6633303328406494e-05,2.3374874859483536e-05,1.0,1e-05,1.0,0.0
c035,9,mixed,geometry_only,0,1,0.0015,0.7,0,0.0014155552035481852,1.0,8.44447964518148e-05,9.9752521083278e-07,2.2797911323603155e-05,2.000872058237101e-05,1.0,1e-05,1.0,0.0
c035,9,mixed,appearance_only,0,1,0.0015,0.7,,0.0,0.6861968853774567,0.0015,1.7719192006858134e-05,0.00040496276653623637,0.00035541794629393006,0.0,1e-05,0.0,0.0
c035,9,mixed,zero,0,1,0.0015,0.7,,0.0,1.0,0.0015,1.7719192006858134e-05,0.00040496276653623637,0.00035541794629393006,0.0,1e-05,0.0,0.0
c036,9,mixed,joint,0,2,0.00075,0.7,0,0.000652110704433351,0.6860562691439602,9.788929556664905e-05,1.1563467244926982e-06,2.6427693213028128e-05,2.351435795051113e-05,1.0,1e-05,1.0,0.0
c036,9,mixed,geometry_only,0,2,0.00075,0.7,0,0.0006900047520988511,1.0,5.9995247901148906e-05,7.087120187068496e-07,1.6197238634387656e-05,1.4411687894439246e-05,1.0,1e-05,1.0,0.0
c036,9,mixed,appearance_only,0,2,0.00075,0.7,,0.0,0.6857821787421048,0.00075,8.859598342832508e-06,0.00020248143685890402,0.00018016029476455322,0.0,1e-05,0.0,0.0
c036,9,mixed,zero,0,2,0.00075,0.7,,0.0,1.0,0.00075,8.859598342832508e-06,0.00020248143685890402,0.00018016029476455322,0.0,1e-05,0.0,0.0
c037,9,mixed,joint,0,2,0.0015,0.7,0,0.0013827600987152647,0.6863051222962164,0.00011723990128473531,1.3849271387108811e-06,3.1651777600753216e-05,2.7779368224963948e-05,1.0,1e-05,1.0,0.0
c037,9,mixed,geometry_only,0,2,0.0015,0.7,0,0.0014206241089814273,1.0,7.937589101857274e-05,9.376472581381308e-07,2.1429432366529225e-05,1.8807667003473034e-05,1.0,1e-05,1.0,0.0
c037,9,mixed,appearance_only,0,2,0.0015,0.7,,0.0,0.6857239306848075,0.0015,1.7719192006858134e-05,0.00040496276653623637,0.00035541794629393006,0.0,1e-05,0.0,0.0
c037,9,mixed,zero,0,2,0.0015,0.7,,0.0,1.0,0.0015,1.7719192006858134e-05,0.00040496276653623637,0.00035541794629393006,0.0,1e-05,0.0,0.0
c038,9,mixed,joint,1,0,0.00075,0.7,1,0.0006071073252388496,0.6848103440736901,0.00014289267476115042,1.6309488518745583e-06,3.7943009887145314e-05,3.490558827844737e-05,1.0,1e-05,1.0,0.0
c038,9,mixed,geometry_only,1,0,0.00075,0.7,1,0.0006378899773926174,1.0,0.00011211002260738266,1.2796076986324394e-06,2.9769274478283576e-05,2.738618040354761e-05,1.0,1e-05,1.0,0.0
c038,9,mixed,appearance_only,1,0,0.00075,0.7,,0.0,0.6846719396123184,0.00075,8.560234527847725e-06,0.00019914857059138893,0.0001832062493269309,0.0,1e-05,0.0,0.0
c038,9,mixed,zero,1,0,0.00075,0.7,,0.0,1.0,0.00075,8.560234527847725e-06,0.00019914857059138893,0.0001832062493269309,0.0,1e-05,0.0,0.0
c039,9,mixed,joint,1,0,0.0015,0.7,1,0.0013734238169870628,0.6849799779461581,0.00012657618301293726,1.4446986382914922e-06,3.191705288940706e-05,3.0919458814834114e-05,1.0,1e-05,1.0,0.0
c039,9,mixed,geometry_only,1,0,0.0015,0.7,1,0.0014041899020346721,1.0,9.58100979653279e-05,1.0935465770488087e-06,2.4159214158341174e-05,2.340409788933528e-05,1.0,1e-05,1.0,0.0
c039,9,mixed,appearance_only,1,0,0.0015,0.7,,0.0,0.684666873531629,0.0015,1.7120421194400042e-05,0.000378233480799295,0.0003664114743258026,0.0,1e-05,0.0,0.0
c039,9,mixed,zero,1,0,0.0015,0.7,,0.0,1.0,0.0015,1.7120421194400042e-05,0.000378233480799295,0.0003664114743258026,0.0,1e-05,0.0,0.0
c040,9,mixed,joint,1,1,0.00075,0.7,1,0.0005595911445007487,0.6846768578607447,0.00019040885549925128,2.1732799597499166e-06,5.0560008880286565e-05,4.651256561580134e-05,1.0,1e-05,1.0,0.0
c040,9,mixed,geometry_only,1,1,0.00075,0.7,1,0.0007519216277317305,1.0,1.9216277317305255e-06,2.1906503779509257e-08,5.096475158780223e-07,4.6884327529273965e-07,1.0,1e-05,1.0,0.0
c040,9,mixed,appearance_only,1,1,0.00075,0.7,,0.0,0.6838560253658372,0.00075,8.560234527847725e-06,0.00019914857059138893,0.0001832062493269309,0.0,1e-05,0.0,0.0
c040,9,mixed,zero,1,1,0.00075,0.7,,0.0,1.0,0.00075,8.560234527847725e-06,0.00019914857059138893,0.0001832062493269309,0.0,1e-05,0.0,0.0
c041,9,mixed,joint,1,1,0.0015,0.7,1,0.0012644512262821894,0.685652059891842,0.00023554877371781066,2.6884691811072844e-06,5.9395095454280246e-05,5.753865194924162e-05,1.0,1e-05,1.0,0.0
c041,9,mixed,geometry_only,1,1,0.0015,0.7,1,0.0014561868877166603,1.0,4.381311228333971e-05,5.000733424441917e-07,1.104788673192576e-05,1.0702576098766905e-05,1.0,1e-05,1.0,0.0
c041,9,mixed,appearance_only,1,1,0.0015,0.7,,0.0,0.6837973081414654,0.0015,1.7120421194400042e-05,0.000378233480799295,0.0003664114743258026,0.0,1e-05,0.0,0.0
c041,9,mixed,zero,1,1,0.0015,0.7,,0.0,1.0,0.0015,1.7120421194400042e-05,0.000378233480799295,0.0003664114743258026,0.0,1e-05,0.0,0.0
c042,9,mixed,joint,1,2,0.00075,0.7,1,0.0006323779623576176,0.6858024769611815,0.00011762203764238244,1.3425196823979355e-06,3.123288301029364e-05,2.8732623488243238e-05,1.0,1e-05,1.0,0.0
c042,9,mixed,geometry_only,1,2,0.00075,0.7,1,0.0006472946495855344,1.0,0.00010270535041446559,1.1722664488488662e-06,2.7272046451711563e-05,2.5088861596809477e-05,1.0,1e-05,1.0,0.0
c042,9,mixed,appearance_only,1,2,0.00075,0.7,,0.0,0.6857292259627485,0.00075,8.560234527847725e-06,0.00019914857059138893,0.0001832062493269309,0.0,1e-05,0.0,0.0
c042,9,mixed,zero,1,2,0.00075,0.7,,0.0,1.0,0.00075,8.560234527847725e-06,0.00019914857059138893,0.0001832062493269309,0.0,1e-05,0.0,0.0
c043,9,mixed,joint,1,2,0.0015,0.7,1,0.0014021193224470142,0.685910172812342,9.788067755298578e-05,1.1171793624609108e-06,2.4681322265530264e-05,2.3909887066304012e-05,1.0,1e-05,1.0,0.0
c043,9,mixed,geometry_only,1,2,0.0015,0.7,1,0.0014170308967596161,1.0,8.296910324038392e-05,9.46984487280432e-07,2.0921286256367e-05,2.026737416142448e-05,1.0,1e-05,1.0,0.0
c043,9,mixed,appearance_only,1,2,0.0015,0.7,,0.0,0.6857477594355246,0.0015,1.7120421194400042e-05,0.000378233480799295,0.0003664114743258026,0.0,1e-05,0.0,0.0
c043,9,mixed,zero,1,2,0.0015,0.7,,0.0,1.0,0.0015,1.7120421194400042e-05,0.000378233480799295,0.0003664114743258026,0.0,1e-05,0.0,0.0
c044,9,mixed,joint,2,0,0.00075,0.7,2,0.0007162830736272104,0.6848612804283676,3.371692637278961e-05,4.2156630057516137e-07,8.953429401848253e-06,7.936655732254396e-06,1.0,1e-05,1.0,0.0
c044,9,mixed,geometry_only,2,0,0.00075,0.7,2,0.0007271730857055725,1.0,2.2826914294427482e-05,2.854067931389436e-07,6.061607462443725e-06,5.373236564613415e-06,1.0,1e-05,1.0,0.0
c044,9,mixed,appearance_only,2,0,0.00075,0.7,,0.0,0.6846896708947288,0.00075,9.377367835194873e-06,0.0001991610895312464,0.00017654385581715294,0.0,1e-05,0.0,0.0
c044,9,mixed,zero,2,0,0.00075,0.7,,0.0,1.0,0.00075,9.377367835194873e-06,0.0001991610895312464,0.00017654385581715294,0.0,1e-05,0.0,0.0
c045,9,mixed,joint,2,0,0.0015,0.7,2,0.0014576164204422523,0.684943902578673,4.238357955774772e-05,5.299387911751506e-07,1.1007932588192017e-05,9.976940136508786e-06,0.9855072463768116,1e-05,0.9864471136105838,0.0
c045,9,mixed,geometry_only,2,0,0.0015,0.7,2,0.0014685035774090114,1.0,3.1496422590988676e-05,3.938149566732124e-07,8.180355645990267e-06,7.414192568309988e-06,0.9855072463768116,1e-05,0.9864471136105838,0.0
c045,9,mixed,appearance_only,2,0,0.0015,0.7,,0.0,0.6845946818817912,0.0015,1.8754749558617198e-05,0.00038957538224370156,0.0003530879731022644,0.0,1e-05,0.0,0.0
c045,9,mixed,zero,2,0,0.0015,0.7,,0.0,1.0,0.0015,1.8754749558617198e-05,0.00038957538224370156,0.0003530879731022644,0.0,1e-05,0.0,0.0
c046,9,mixed,joint,2,1,0.00075,0.7,2,0.0007215086207349758,0.6861777412563705,2.849137926502418e-05,3.562304708624733e-07,7.565795249192984e-06,6.70660487961611e-06,1.0,1e-05,1.0,0.0
c046,9,mixed,geometry_only,2,1,0.00075,0.7,2,0.0007263814888110681,1.0,2.3618511188931886e-05,2.953042500684323e-07,6.271814480892156e-06,5.5595719243873375e-06,1.0,1e-05,1.0,0.0
c046,9,mixed,appearance_only,2,1,0.00075,0.7,,0.0,0.6860977185096278,0.00075,9.377367835194873e-06,0.0001991610895312464,0.00017654385581715294,0.0,1e-05,0.0,0.0
c046,9,mixed,zero,2,1,0.00075,0.7,,0.0,1.0,0.00075,9.377367835194873e-06,0.0001991610895312464,0.00017654385581715294,0.0,1e-05,0.0,0.0
c047,9,mixed,joint,2,1,0.0015,0.7,2,0.001466493919548835,0.6862603678088213,3.350608045116503e-05,4.1894202338114603e-07,8.702297416099872e-06,7.887249541325e-06,0.9855072463768116,1e-05,0.9864471136105838,0.0
c047,9,mixed,geometry_only,2,1,0.0015,0.7,2,0.0014713655046429892,1.0,2.8634495357010873e-05,3.580318341681528e-07,7.437065286482717e-06,6.740518405915396e-06,0.9855072463768116,1e-05,0.9864471136105838,0.0
c047,9,mixed,appearance_only,2,1,0.0015,0.7,,0.0,0.6860977185096289,0.0015,1.8754749558617198e-05,0.00038957538224370156,0.0003530879731022644,0.0,1e-05,0.0,0.0
c047,9,mixed,zero,2,1,0.0015,0.7,,0.0,1.0,0.0015,1.8754749558617198e-05,0.00038957538224370156,0.0003530879731022644,0.0,1e-05,0.0,0.0
c048,9,mixed,joint,2,2,0.00075,0.7,2,0.0007022313502700405,0.6848761143433426,4.776864972995951e-05,5.972572090569038e-07,1.2684838332605821e-05,1.1244316363853332e-05,1.0,1e-05,1.0,0.0
c048,9,mixed,geometry_only,2,2,0.00075,0.7,2,0.0007340843355152868,1.0,1.5915664484713265e-05,1.989944036942754e-07,4.226338878236375e-06,3.7463859714111268e-06,1.0,1e-05,1.0,0.0
c048,9,mixed,appearance_only,2,2,0.00075,0.7,,0.0,0.6843617204358035,0.00075,9.377367835194873e-06,0.0001991610895312464,0.00017654385581715294,0.0,1e-05,0.0,0.0
c048,9,mixed,zero,2,2,0.00075,0.7,,0.0,1.0,0.00075,9.377367835194873e-06,0.0001991610895312464,0.00017654385581715294,0.0,1e-05,0.0,0.0
c049,9,mixed,joint,2,2,0.0015,0.7,2,0.0014778714193591069,0.6890622797743075,2.212858064089317e-05,2.766873781855835e-07,5.7473706182115305e-06,5.20907971585406e-06,0.9855072463768116,1e-05,0.9864471136105838,0.0
c049,9,mixed,geometry_only,2,2,0.0015,0.7,2,0.001509301263510403,1.0,9.301263510402922e-06,1.1628549517056004e-07,2.415496206179629e-06,2.1892592887700627e-06,1.0,1e-05,1.0,0.0
c049,9,mixed,appearance_only,2,2,0.0015,0.7,,0.0,0.6879797190855083,0.0015,1.8754749558617198e-05,0.00038957538224370156,0.0003530879731022644,0.0,1e-05,0.0,0.0
c049,9,mixed,zero,2,2,0.0015,0.7,,0.0,1.0,0.0015,1.8754749558617198e-05,0.00038957538224370156,0.0003530879731022644,0.0,1e-05,0.0,0.0
c050,10,mixed,joint,0,0,0.00075,0.7,0,0.0005976016557760006,0.6846376211245868,0.00015239834422399944,1.7801832987029403e-06,4.104633800501014e-05,3.6978686061272406e-05,0.9821428571428571,1e-05,0.9824988529531831,0.0
c050,10,mixed,geometry_only,0,0,0.00075,0.7,0,0.0005952229871295892,1.0,0.00015477701287041083,1.8079687675575355e-06,4.1686997721568964e-05,3.755585703607481e-05,0.9821428571428571,1e-05,0.9824988529531831,0.0
c050,10,mixed,appearance_only,0,0,0.00075,0.7,,0.0,0.684650347735611,0.00075,8.760828639837207e-06,0.00020200163044189296,0.00018198346886255345,0.0,1e-05,0.0,0.0
c050,10,mixed,zero,0,0,0.00075,0.7,,0.0,1.0,0.00075,8.760828639837207e-06,0.00020200163044189296,0.00018198346886255345,0.0,1e-05,0.0,0.0
c051,10,mixed,joint,0,0,0.0015,0.7,0,0.0013344761734697514,0.6855200173617899,0.00016552382653024864,1.9335066364702965e-06,4.418916051443422e-05,4.0163580323170325e-05,1.0,1e-05,1.0,0.0
c051,10,mixed,geometry_only,0,0,0.0015,0.7,0,0.0013321041604309953,1.0,0.00016789583956900475,1.961214360506166e-06,4.482240430242043e-05,4.0739136351216034e-05,1.0,1e-05,1.0,0.0
c051,10,mixed,appearance_only,0,0,0.0015,0.7,,0.0,0.6855484365587861,0.0015,1.752165769683204e-05,0.0004004472137556583,0.0003639669463904735,0.0,1e-05,0.0,0.0
c051,10,mixed,zero,0,0,0.0015,0.7,,0.0,1.0,0.0015,1.752165769683204e-05,0.0004004472137556583,0.0003639669463904735,0.0,1e-05,0.0,0.0
c052,10,mixed,joint,0,1,0.00075,0.7,0,0.000654255392150874,0.6864109567562768,9.5744607849126e-05,1.1184052788301315e-06,2.5787480186054516e-05,2.323196590219811e-05,0.9821428571428571,1e-05,0.9824988529531831,0.0
c052,10,mixed,geometry_only,0,1,0.00075,0.7,0,0.0006794851840766185,1.0,7.051481592338152e-05,8.236935301362904e-07,1.8992203616831766e-05,1.7110094496338614e-05,0.9821428571428571,1e-05,0.9824988529531831,0.0
c052,10,mixed,appearance_only,0,1,0.00075,0.7,,0.0,0.6862511936998801,0.00075,8.760828639837207e-06,0.00020200163044189296,0.00018198346886255345,0.0,1e-05,0.0,0.0
c052,10,mixed,zero,0,1,0.00075,0.7,,0.0,1.0,0.00075,8.760828639837207e-06,0.00020200163044189296,0.00018198346886255345,0.0,1e-05,0.0,0.0
c053,10,mixed,joint,0,1,0.0015,0.7,0,0.001390071710634832,0.6865683974368466,0.00010992828936516813,1.2840895482108338e-06,2.9347113710808827e-05,2.6673626425125334e-05,1.0,1e-05,1.0,0.0
c053,10,mixed,geometry_only,0,1,0.0015,0.7,0,0.0014152888356779257,1.0,8.47111643220743e-05,9.895257623117688e-07,2.2615031084255703e-05,2.0554828562164913e-05,1.0,1e-05,1.0,0.0
c053,10,mixed,appearance_only,0,1,0.0015,0.7,,0.0,0.6862289549075742,0.0015,1.752165769683204e-05,0.0004004472137556583,0.0003639669463904735,0.0,1e-05,0.0,0.0
c053,10,mixed,zero,0,1,0.0015,0.7,,0.0,1.0,0.0015,1.752165769683204e-05,0.0004004472137556583,0.0003639669463904735,0.0,1e-05,0.0,0.0
c054,10,mixed,joint,0,2,0.00075,0.7,0,0.0006280949624790461,0.686842119262751,0.00012190503752095396,1.4239879014312034e-06,3.283341046863008e-05,2.9579651488945632e-05,0.9821428571428571,1e-05,0.9824988529531831,0.0
c054,10,mixed,geometry_only,0,2,0.00075,0.7,0,0.0006715115234959551,1.0,7.848847650404492e-05,9.168346649770039e-07,2.1139792825981426e-05,1.904485974617266e-05,0.9821428571428571,1e-05,0.9824988529531831,0.0
c054,10,mixed,appearance_only,0,2,0.00075,0.7,,0.0,0.6865825614409256,0.00075,8.760828639837207e-06,0.00020200163044189296,0.00018198346886255345,0.0,1e-05,0.0,0.0
c054,10,mixed,zero,0,2,0.00075,0.7,,0.0,1.0,0.00075,8.760828639837207e-06,0.00020200163044189296,0.00018198346886255345,0.0,1e-05,0.0,0.0
c055,10,mixed,joint,0,2,0.0015,0.7,0,0.001361078082489674,0.6872233885968093,0.00013892191751032593,1.622767048692973e-06,3.708738942026117e-05,3.370877217414481e-05,1.0,1e-05,1.0,0.0
c055,10,mixed,geometry_only,0,2,0.0015,0.7,0,0.0014044417838970237,1.0,9.555821610297637e-05,1.116231270261816e-06,2.5510811182182906e-05,2.318680651866674e-05,1.0,1e-05,1.0,0.0
c055,10,mixed,appearance_only,0,2,0.0015,0.7,,0.0,0.6866609283264211,0.0015,1.752165769683204e-05,0.0004004472137556583,0.0003639669463904735,0.0,1e-05,0.0,0.0
c055,10,mixed,zero,0,2,0.0015,0.7,,0.0,1.0,0.0015,1.752165769683204e-05,0.0004004472137556583,0.0003639669463904735,0.0,1e-05,0.0,0.0
c056,10,mixed,joint,1,0,0.00075,0.7,1,0.0006066284224060143,0.6855823151953112,0.00014337157759398576,1.6157834442992797e-06,3.6926131698398645e-05,3.4318040693044446e-05,0.9473684210526315,1e-05,0.9470577298455058,0.0
c056,10,mixed,geometry_only,1,0,0.00075,0.7,1,0.0006284626513363328,1.0,0.00012153734866366718,1.3697126350342286e-06,3.130257850920705e-05,2.9091679403403406e-05,0.9473684210526315,1e-05,0.9470577298455058,0.0
c056,10,mixed,appearance_only,1,0,0.00075,0.7,,0.0,0.6854888073550793,0.00075,8.452459437962728e-06,0.0001931673824617034,0.00017952396280066554,0.0,1e-05,0.0,0.0
c056,10,mixed,zero,1,0,0.00075,0.7,,0.0,1.0,0.00075,8.452459437962728e-06,0.0001931673824617034,0.00017952396280066554,0.0,1e-05,0.0,0.0
c057,10,mixed,joint,1,0,0.0015,0.7,1,0.001356984608799521,0.6856127931622515,0.00014301539120047894,1.6117908343395848e-06,3.560853799861861e-05,3.4233240621875393e-05,0.9836065573770492,1e-05,0.9834013415867449,0.0
c057,10,mixed,geometry_only,1,0,0.0015,0.7,1,0.00137881672123659,1.0,0.00012118327876341011,1.365743878029941e-06,3.0172738058260746e-05,2.9007385951296945e-05,1.0,1e-05,1.0,0.0
c057,10,mixed,appearance_only,1,0,0.0015,0.7,,0.0,0.6854036227783555,0.0015,1.690494850267633e-05,0.00037347309339395596,0.00035904855485152285,0.0,1e-05,0.0,0.0
c057,10,mixed,zero,1,0,0.0015,0.7,,0.0,1.0,0.0015,1.690494850267633e-05,0.00037347309339395596,0.00035904855485152285,0.0,1e-05,0.0,0.0
c058,10,mixed,joint,1,1,0.00075,0.7,1,0.0005556630084518353,0.6841012876265913,0.00019433699154816468,2.1901614435979597e-06,5.0052618487753973e-05,4.651740294215467e-05,0.9298245614035088,1e-05,0.9296168086111412,0.0
c058,10,mixed,geometry_only,1,1,0.00075,0.7,1,0.0005125104698088823,1.0,0.0002374895301911177,2.676488679713958e-06,6.116684647777519e-05,5.6846632355940876e-05,0.8771929824561403,1e-05,0.8768984026041734,0.0
c058,10,mixed,appearance_only,1,1,0.00075,0.7,,0.0,0.6842824064989617,0.00075,8.452459437962728e-06,0.0001931673824617034,0.00017952396280066554,0.0,1e-05,0.0,0.0
c058,10,mixed,zero,1,1,0.00075,0.7,,0.0,1.0,0.00075,8.452459437962728e-06,0.0001931673824617034,0.00017952396280066554,0.0,1e-05,0.0,0.0
c059,10,mixed,joint,1,1,0.0015,0.7,1,0.00125546286689495,0.6836154788565783,0.00024453713310504995,2.755936453380522e-06,6.088561022629925e-05,5.8534044081366926e-05,0.9836065573770492,1e-05,0.9834013415867449,0.0
c059,10,mixed,geometry_only,1,1,0.0015,0.7,1,0.0012122439655828882,1.0,0.00028775603441711186,3.243011594805853e-06,7.164633274584146e-05,6.88791584486294e-05,0.9836065573770492,1e-05,0.9834013415867449,0.0
c059,10,mixed,appearance_only,1,1,0.0015,0.7,,0.0,0.6840246981411016,0.0015,1.690494850267633e-05,0.00037347309339395596,0.00035904855485152285,0.0,1e-05,0.0,0.0
c059,10,mixed,zero,1,1,0.0015,0.7,,0.0,1.0,0.0015,1.690494850267633e-05,0.00037347309339395596,0.00035904855485152285,0.0,1e-05,0.0,0.0
c060,10,mixed,joint,1,2,0.00075,0.7,1,0.000624200322647356,0.6866399335321665,0.00012579967735264403,1.4177488936500557e-06,3.240037006045482e-05,3.011193387112666e-05,0.9473684210526315,1e-05,0.9470577298455058,0.0
c060,10,mixed,geometry_only,1,2,0.00075,0.7,1,0.0006395187695119223,1.0,0.00011048123048807768,1.24511066521446e-06,2.8455000581062045e-05,2.6445226077126832e-05,0.9473684210526315,1e-05,0.9470577298455058,0.0
c060,10,mixed,appearance_only,1,2,0.00075,0.7,,0.0,0.6865684297074736,0.00075,8.452459437962728e-06,0.0001931673824617034,0.00017952396280066554,0.0,1e-05,0.0,0.0
c060,10,mixed,zero,1,2,0.00075,0.7,,0.0,1.0,0.00075,8.452459437962728e-06,0.0001931673824617034,0.00017952396280066554,0.0,1e-05,0.0,0.0
c061,10,mixed,joint,1,2,0.0015,0.7,1,0.0013773011149664537,0.6867531820159796,0.0001226988850335463,1.3828246946391475e-06,3.055009652392325e-05,2.9370169814155144e-05,1.0,1e-05,1.0,0.0
c061,10,mixed,geometry_only,1,2,0.0015,0.7,1,0.0013926140257367078,1.0,0.00010738597426329221,1.210248858065892e-06,2.6737459552579528e-05,2.5704787176987358e-05,1.0,1e-05,1.0,0.0
c061,10,mixed,appearance_only,1,2,0.0015,0.7,,0.0,0.6865954084713324,0.0015,1.690494850267633e-05,0.00037347309339395596,0.00035904855485152285,0.0,1e-05,0.0,0.0
c061,10,mixed,zero,1,2,0.0015,0.7,,0.0,1.0,0.0015,1.690494850267633e-05,0.00037347309339395596,0.00035904855485152285,0.0,1e-05,0.0,0.0
c062,10,mixed,joint,2,0,0.00075,0.7,2,0.0007082975171462761,0.685639410065318,4.1702482853723925e-05,5.156618096357912e-07,1.0952008191321642e-05,9.539302936876552e-06,0.9848484848484849,1e-05,0.9833110305407293,0.0
c062,10,mixed,geometry_only,2,0,0.00075,0.7,2,0.0007178536026609544,1.0,3.2146397339045604e-05,3.9750054618961476e-07,8.442410807750991e-06,7.353420510925187e-06,0.9848484848484849,1e-05,0.9833110305407293,0.0
c062,10,mixed,appearance_only,2,0,0.00075,0.7,,0.0,0.6854742042847903,0.00075,9.273782224231187e-06,0.00019696351683497952,0.00017155704834927513,0.0,1e-05,0.0,0.0
c062,10,mixed,zero,2,0,0.00075,0.7,,0.0,1.0,0.00075,9.273782224231187e-06,0.00019696351683497952,0.00017155704834927513,0.0,1e-05,0.0,0.0
c063,10,mixed,joint,2,0,0.0015,0.7,2,0.0014691822418995927,0.6855552431265625,3.081775810040736e-05,3.810710587395962e-07,8.032926785805455e-06,7.049489029177425e-06,1.0,1e-05,1.0,0.0
c063,10,mixed,geometry_only,2,0,0.0015,0.7,2,0.0014787408859616522,1.0,2.125911403834781e-05,2.6287818929074933e-07,5.54143669432906e-06,4.8630219191783685e-06,1.0,1e-05,1.0,0.0
c063,10,mixed,appearance_only,2,0,0.0015,0.7,,0.0,0.685212565941997,0.0015,1.8547554366149693e-05,0.00039097995417960817,0.0003431139101843792,0.0,1e-05,0.0,0.0
c063,10,mixed,zero,2,0,0.0015,0.7,,0.0,1.0,0.0015,1.8547554366149693e-05,0.00039097995417960817,0.0003431139101843792,0.0,1e-05,0.0,0.0
c064,10,mixed,joint,2,1,0.00075,0.7,2,0.0007131548650778977,0.6863518043277053,3.684513492210233e-05,4.5560056549334255e-07,9.676382528046951e-06,8.428221231901764e-06,0.9848484848484849,1e-05,0.9833110305407293,0.0
c064,10,mixed,geometry_only,2,1,0.00075,0.7,2,0.0007181708042381524,1.0,3.182919576184763e-05,3.9357834013116424e-07,8.359108057346288e-06,7.280863049671969e-06,0.9848484848484849,1e-05,0.9833110305407293,0.0
c064,10,mixed,appearance_only,2,1,0.00075,0.7,,0.0,0.6862577345211451,0.00075,9.273782224231187e-06,0.00019696351683497952,0.00017155704834927513,0.0,1e-05,0.0,0.0
c064,10,mixed,zero,2,1,0.00075,0.7,,0.0,1.0,0.00075,9.273782224231187e-06,0.00019696351683497952,0.00017155704834927513,0.0,1e-05,0.0,0.0
c065,10,mixed,joint,2,1,0.0015,0.7,2,0.0014786431023498332,0.6864475445924674,2.1356897650166807e-05,2.6408728580195235e-07,5.56692429053645e-06,4.885389171677506e-06,1.0,1e-05,1.0,0.0
c065,10,mixed,geometry_only,2,1,0.0015,0.7,2,0.001483657510408204,1.0,1.634248959179606e-05,2.0208403288391912e-07,4.259903768729376e-06,3.738381963455815e-06,1.0,1e-05,1.0,0.0
c065,10,mixed,appearance_only,2,1,0.0015,0.7,,0.0,0.6862525018641337,0.0015,1.8547554366149693e-05,0.00039097995417960817,0.0003431139101843792,0.0,1e-05,0.0,0.0
c065,10,mixed,zero,2,1,0.0015,0.7,,0.0,1.0,0.0015,1.8547554366149693e-05,0.00039097995417960817,0.0003431139101843792,0.0,1e-05,0.0,0.0
c066,10,mixed,joint,2,2,0.00075,0.7,2,0.000706415717715162,0.6875094565919607,4.358428228483802e-05,5.389303133742376e-07,1.1446202088068924e-05,9.969750377236075e-06,0.9848484848484849,1e-05,0.9833110305407293,0.0
c066,10,mixed,geometry_only,2,2,0.00075,0.7,2,0.0006367821662224258,1.0,0.0001132178337775742,1.3999512580502974e-06,2.973320882042037e-05,2.5897902264345448e-05,0.9848484848484849,1e-05,0.9833110305407293,0.0
c066,10,mixed,appearance_only,2,2,0.00075,0.7,,0.0,0.6887845424530201,0.00075,9.273782224231187e-06,0.00019696351683497952,0.00017155704834927513,0.0,1e-05,0.0,0.0
c066,10,mixed,zero,2,2,0.00075,0.7,,0.0,1.0,0.00075,9.273782224231187e-06,0.00019696351683497952,0.00017155704834927513,0.0,1e-05,0.0,0.0
c067,10,mixed,joint,2,2,0.0015,0.7,2,0.0015047201141472225,0.6932602785745335,4.720114147222431e-06,5.835677875938254e-08,1.2301481656118727e-06,1.0795505515508603e-06,1.0,1e-05,1.0,0.0
c067,10,mixed,geometry_only,2,2,0.0015,0.7,2,0.0014363680419411287,1.0,6.363195805887136e-05,7.868195809131568e-07,1.6586051434973936e-05,1.4555490049375755e-05,1.0,1e-05,1.0,0.0
c067,10,mixed,appearance_only,2,2,0.0015,0.7,,0.0,0.6959763100759364,0.0015,1.8547554366149693e-05,0.00039097995417960817,0.0003431139101843792,0.0,1e-05,0.0,0.0
c067,10,mixed,zero,2,2,0.0015,0.7,,0.0,1.0,0.0015,1.8547554366149693e-05,0.00039097995417960817,0.0003431139101843792,0.0,1e-05,0.0,0.0
